번호,제목,링크
"1","추천하는 피자맛집 best4 - 네이버 블로그","https://m.blog.naver.com/fusgodl/223028504750"
"2","피자 덕후들이 소문 듣고 도장 깨기 중인 맛있는 피자","https://view.nate.com/life/view/67922/"
"3","맛있는 국내 인기 프랜차이즈 피자 브랜드 추천 베스트 순위 10","https://copyday.tistory.com/entry/%EB%A7%9B%EC%9E%88%EB%8A%94-%EA%B5%AD%EB%82%B4-%EC%9D%B8%EA%B8%B0-%ED%94%84%EB%9E%9C%EC%B0%A8%EC%9D%B4%EC%A6%88-%ED%94%BC%EC%9E%90-%EB%B8%8C%EB%9E%9C%EB%93%9C-%EC%B6%94%EC%B2%9C-%EB%B2%A0%EC%8A%A4%ED%8A%B8-%EC%88%9C%EC%9C%84-10"
"4","피자 갤러리","https://namu.wiki/w/%ED%94%BC%EC%9E%90%20%EA%B0%A4%EB%9F%AC%EB%A6%AC"
"5","진짜 맛있는 피자 추천좀 부탁합니다","https://mlbpark.donga.com/mp/b.php?b=bullpen&id=202401050088500552&m=view"
"6","도미노피자 메뉴 추천 BEST 4 가격 할인 - 네이버 블로그","https://blog.naver.com/dailymisa/223581830884"
"7","피자 덕후들이 소문 듣고 도장 깨기 중인 맛있는 피자","https://www.daily.co.kr/life31341810277"
"8","총정리간다 내가생각하는 피자 브랜드별 맛 평가/순위","https://m.dcinside.com/board/pizza/124904"
"9","맛있는 피자 추천 먹어보고 싶은 BEST 7 - dasima","https://dasima.xyz/%EB%A7%9B%EC%9E%88%EB%8A%94-%ED%94%BC%EC%9E%90-%EC%B6%94%EC%B2%9C-best-%EC%A0%95%EB%A6%AC/"
"10","PIZZA 나트륨·포화지방 낮은 브랜드는 어디? | 나라경제","https://eiec.kdi.re.kr/publish/naraView.do?fcode=00002000040000100012&cidx=10170&sel_year=2015&sel_month=10"
"11","피자 브랜드의 회사 매출액 영업이익 당기순이익 정리 순위 - Naver Blog","https://blog.naver.com/jysim8585/223248101394"
"12","피자 갤러리 - 나무위키","https://namu.wiki/w/%ED%94%BC%EC%9E%90%20%EA%B0%A4%EB%9F%AC%EB%A6%AC"
"13","메뉴 - 도미노피자","https://web.dominos.co.kr/goods/list"
"14","요즘 맛있는 피자없나.. 추천?! #shorts #피자 #pizza","https://m.youtube.com/shorts/nKwOArR7xpo"
"15","맛있는 피자 체인 순위.jpg","http://www.slrclub.com/bbs/vx2.php?id=best_article&no=567762"
"16","[카드뉴스] 아직도 안 먹어 본 사람~? 피자 브랜드별 추천메뉴!","http://www.hansbiz.co.kr/news/articleView.html?idxno=244990"
"17","피자 메뉴 추천 - 프랜차이즈 별 베스트 메뉴 5가지 (도미노피자 ...","https://myhappy30s.tistory.com/entry/%ED%94%BC%EC%9E%90-%EB%A9%94%EB%89%B4-%EC%B6%94%EC%B2%9C-%ED%94%84%EB%9E%9C%EC%B0%A8%EC%9D%B4%EC%A6%88-%EB%B3%84-%EB%B2%A0%EC%8A%A4%ED%8A%B8-%EB%A9%94%EB%89%B4-5%EA%B0%80%EC%A7%80-%EB%8F%84%EB%AF%B8%EB%85%B8%ED%94%BC%EC%9E%90-%EB%AF%B8%EC%8A%A4%ED%84%B0%ED%94%BC%EC%9E%90-%ED%8C%8C%ED%8C%8C%EC%A1%B4%EC%8A%A4-%ED%94%BC%EC%9E%90%ED%97%9B-%ED%94%BC%EC%9E%90%EC%95%8C%EB%B3%BC%EB%A1%9C"
"18","파파 존스 피자 추천 - 피자 종류 가격 주문","https://fortunaresort.co.za/0cdd95c/10e4780"
"19","맛있는피자추천2 > 갤러리","https://bablove123.com/bbs/board.php?bo_table=gallery&wr_id=14879&page=1698"
"20","'전국 피자 포테이토피자' 맛집 빅데이터 추천순위 Top100","https://www.diningcode.com/list.dc?query=%EC%A0%84%EA%B5%AD%20%ED%94%BC%EC%9E%90%20%ED%8F%AC%ED%85%8C%EC%9D%B4%ED%86%A0%ED%94%BC%EC%9E%90"
"21","가성비꿀 피자브랜드별 피자 추천","https://dinnerqueen.net/post/31817"
"22","맛있는 피자 추천!! 우연히 찾은 대박 피자 ㅎ","https://210710story.tistory.com/entry/%EB%A7%9B%EC%9E%88%EB%8A%94-%ED%94%BC%EC%9E%90-%EC%B6%94%EC%B2%9C-%EC%9A%B0%EC%97%B0%ED%9E%88-%EC%B0%BE%EC%9D%80-%EB%8C%80%EB%B0%95-%ED%94%BC%EC%9E%90-%E3%85%8E"
"23","도미노피자 메뉴 추천 BEST 6","https://hisunnyday.com/entry/%EB%8F%84%EB%AF%B8%EB%85%B8%ED%94%BC%EC%9E%90-%EB%A9%94%EB%89%B4-%EC%B6%94%EC%B2%9C-BEST-6"
"24","피자는 뭐가 맛있고 가성비 있나요?","https://muko.kr/free/5757346"
"25","(광고)냉동피자는 여기가 1위❗️ | 여의도미식회 Ep14. 시카고 ...","https://www.youtube.com/watch?v=kbIFNjAQ64I"
"26","피자 브랜드가 많던데 피자 추천해주세요","https://www.a-ha.io/questions/456a29e35bc190a8b822eac46897aa31"
"27","피자스쿨 – PIZZA School","http://pizzaschool.net/"
"28","맛있는 피자 순위 2022 TOP 10 - 모터르로라 - 티스토리","https://motorora.tistory.com/entry/%EB%A7%9B%EC%9E%88%EB%8A%94-%ED%94%BC%EC%9E%90-%EC%88%9C%EC%9C%84-2022-TOP-10"
"29","피자헛에서 요즘 맛있는피자 추천해주세요","https://www.82cook.com/entiz/read.php?bn=15&num=2687421"
"30","메뉴","https://web.dominos.co.kr/goods/list"
"31","[ 파파존스 피자 ] 파파존스 메뉴 피자 추천 _ with 더블초코칩 ...","https://binikukudas.tistory.com/entry/%ED%8C%8C%ED%8C%8C%EC%A1%B4%EC%8A%A4%ED%94%BC%EC%9E%90%EC%B6%94%EC%B2%9C"
"32","좋은 피자, 위대한 피자","https://namu.wiki/w/%EC%A2%8B%EC%9D%80%20%ED%94%BC%EC%9E%90%2C%20%EC%9C%84%EB%8C%80%ED%95%9C%20%ED%94%BC%EC%9E%90"
"33","피자헛 맛있는 피자 추천좀 해주세요 > 자유게시판","http://www.dealbada.com/bbs/board.php?bo_table=comm_free&wr_id=1187699"
"34","맛있는피자 귀여운피자","https://www.tiktok.com/discover/%EB%A7%9B%EC%9E%88%EB%8A%94%ED%94%BC%EC%9E%90-%EA%B7%80%EC%97%AC%EC%9A%B4%ED%94%BC%EC%9E%90"
"35","피자의 본고장에서 즐기는 피자 맛집 5","https://triple.guide/articles/f6d7596a-253a-4bad-9736-639ceb180de5"
"36","메뉴","https://web.dominos.co.kr/goods/list"
"37","냉동피자 추천 순위 TOP10 구매가이드 비교 2024년 8월3주차","https://centrepointmall.co.kr/%EB%83%89%EB%8F%99%ED%94%BC%EC%9E%90-%EC%B6%94%EC%B2%9C-%EC%88%9C%EC%9C%84-top10-%EA%B5%AC%EB%A7%A4%EA%B0%80%EC%9D%B4%EB%93%9C-%EB%B9%84%EA%B5%90-2024%EB%85%84-8%EC%9B%943%EC%A3%BC%EC%B0%A8/"
"38","이놀자 리뷰 :: 맛있는 피자 추천! 수제피자 전문점 피자샵,피자#","https://enolja.com/r/66005"
"39","양 많고 맛있는 피자브랜드 추천좀","https://www.teamblind.com/kr/post/%EC%96%91-%EB%A7%8E%EA%B3%A0-%EB%A7%9B%EC%9E%88%EB%8A%94-%ED%94%BC%EC%9E%90%EB%B8%8C%EB%9E%9C%EB%93%9C-%EC%B6%94%EC%B2%9C%EC%A2%80-TT0iRX8C"
"40","좋은 피자, 위대한 피자","https://namu.wiki/w/%EC%A2%8B%EC%9D%80%20%ED%94%BC%EC%9E%90%2C%20%EC%9C%84%EB%8C%80%ED%95%9C%20%ED%94%BC%EC%9E%90"
"41","프로맛집러가 찾아낸 가성비 1등 피자 맛집, 피자몰 피자 추천","https://www.eland.co.kr/mgzn/viewMgzn?mgznIdx=780"
"42","피자헛 맛있는 피자 추천좀 해주세요 > 자유게시판","http://www.dealbada.com/bbs/board.php?bo_table=comm_free&wr_id=1187699"
"43","피자헛 맛있는 피자 추천! '피자헛 콤비네이션 팬피자 (1955 US ...","https://helloamy.tistory.com/entry/%ED%94%BC%EC%9E%90%ED%97%9B-%EB%A7%9B%EC%9E%88%EB%8A%94-%ED%94%BC%EC%9E%90-%EC%B6%94%EC%B2%9C-%ED%94%BC%EC%9E%90%ED%97%9B-%EC%BD%A4%EB%B9%84%EB%84%A4%EC%9D%B4%EC%85%98-%ED%8C%AC%ED%94%BC%EC%9E%90-1955-US-%EC%98%A4%EB%A6%AC%EC%A7%84"
"44","맛있는 피자 순위 2022 TOP 10 - 모터르로라 - 티스토리","https://motorora.tistory.com/entry/%EB%A7%9B%EC%9E%88%EB%8A%94-%ED%94%BC%EC%9E%90-%EC%88%9C%EC%9C%84-2022-TOP-10"
"45","싸고 맛있는 피자집 추천해 주세요..-_ㅜ..","https://www.koreapas.com/bbs///view.php?id=kfc&page=22&sn1=&divpage=9&category=2&sn=off&ss=on&sc=on&no=1684"
"46","파파존스 피자 메뉴 추천 및 1+1 할인 이벤트","https://honeybee-home.tistory.com/entry/%ED%8C%8C%ED%8C%8C%EC%A1%B4%EC%8A%A4-%ED%94%BC%EC%9E%90-%EB%A9%94%EB%89%B4-%EC%B6%94%EC%B2%9C-%EB%B0%8F-11-%ED%95%A0%EC%9D%B8-%EC%9D%B4%EB%B2%A4%ED%8A%B8"
"47","(광고)냉동피자는 여기가 1위❗️ | 여의도미식회 Ep14. 시카고 ...","https://www.youtube.com/watch?v=kbIFNjAQ64I"
"48","Menu – 피자스쿨","http://pizzaschool.net/menu/"
"49","서울 피자 맛집 Best 10","https://www.tripadvisor.co.kr/Restaurants-g294197-c31-Seoul.html"
"50","피자 브랜드 추천점 해주세요 맛난거로요","https://www.a-ha.io/questions/409f43a47dc272ec806db1dfab14c74a"
"51","맛있는 피자 추천 좀 부탁드려요","https://www.82cook.com/entiz/read.php?bn=15&num=1868087&page=1"
"52","프리미엄 피자 | 미스터피자 World champ","https://www.mrpizza.co.kr/menu/premium"
"53","혹시 도미노피자 자주 드시는분 메뉴 추천좀 부탁합니다","https://mania.kr/g2/bbs/board.php?bo_table=freetalk&wr_id=5078005"
"54","혹시 도미노피자 자주 드시는분 메뉴 추천좀 부탁합니다","https://mania.kr/g2/bbs/board.php?bo_table=freetalk&wr_id=5078005"
"55","임실치즈피자에 진심인 자의 최후","https://brunch.co.kr/@ttbessay/213"
"56","베스트 콰트로 - 프리미엄 피자","https://web.dominos.co.kr/goods/detail?dsp_ctgr=C0101&code_01=RPZ162SL&dough_gb=203"
"57","내돈내산 피자 추천 노모어피자! 포테이토 맛있었음","https://everyday-study-since2018.tistory.com/181?category=915698"
"58","[ 파파존스 피자 ] 파파존스 메뉴 피자 추천 _ with 더블초코칩 ...","https://binikukudas.tistory.com/entry/%ED%8C%8C%ED%8C%8C%EC%A1%B4%EC%8A%A4%ED%94%BC%EC%9E%90%EC%B6%94%EC%B2%9C"
"59","피자스쿨 알바생이 추천하는 메뉴모음.zip","https://community.linkareer.com/jayuu/1935430"
"60","평점좋고 맛있는 피자 추천 선명희 피자","https://ivf486.tistory.com/173"
"61","피자스쿨 근본은 역시 까르보네피자와 고구마피자 - 호비의 초록","https://hobeeda.tistory.com/86"
"62","맛있는 피자 하나씩만 추천해주세여~도미노? 파파존스? ...","https://www.missyusa.com/mainpage/boards/old_read.asp?section=&id=talk1&tb=talk6&page=1273&category=0&key_field=&key_word=&idx=2058997&ref=786455&step=1&level=0"
"63","미스터피자 | 2024년을 맞이한지 얼마 안된 것 같은데, 눈 깜- ...","https://www.instagram.com/mrpizza_official_/reel/C2t-utZL9zT/"
"64","도미노피자 추천 : 블록버스터 4 피자 + 뉴치볼 : 솔직한 맛 후기","https://platanus.tistory.com/entry/%EB%8F%84%EB%AF%B8%EB%85%B8%ED%94%BC%EC%9E%90-%EC%B6%94%EC%B2%9C-%EB%B8%94%EB%A1%9D%EB%B2%84%EC%8A%A4%ED%84%B0-4-%ED%94%BC%EC%9E%90-%EB%89%B4%EC%B9%98%EB%B3%BC-%EC%86%94%EC%A7%81%ED%95%9C-%EB%A7%9B-%ED%9B%84%EA%B8%B0"
"65","프랜차이즈 피자추천 best5 - happy","https://happy8007.com/41"
"66","도미노피자보다 맛있는 인생 피자 추천. 1989 피자 메뉴","https://dalcoming012.tistory.com/116"
"67","맛있는 피자 추천 메뉴는? - 케이무 - 티스토리","https://caycnmu.tistory.com/entry/%EB%A7%9B%EC%9E%88%EB%8A%94-%ED%94%BC%EC%9E%90-%EC%B6%94%EC%B2%9C-%EB%A9%94%EB%89%B4%EB%8A%94"
"68","피자추천) 이건 몰랐을 걸? 피자탑 꿀팁 콤비네이션/페퍼로니/4 ...","https://rabbitscarrot.tistory.com/entry/%ED%94%BC%EC%9E%90%EC%B6%94%EC%B2%9C-%EC%9D%B4%EA%B1%B4-%EB%AA%B0%EB%9E%90%EC%9D%84-%EA%B1%B8-%ED%94%BC%EC%9E%90%ED%83%91-%EA%BF%80%ED%8C%81-%EC%BD%A4%EB%B9%84%EB%84%A4%EC%9D%B4%EC%85%98%ED%8E%98%ED%8D%BC%EB%A1%9C%EB%8B%884%EA%B0%80%EC%A7%80-%EB%A7%9B-%EB%82%B4%EB%8F%88%EB%82%B4%EC%82%B0-%ED%9B%84%EA%B8%B0"
"69","피자덕 - 추천드리는 피자 베스트메뉴!! 피자, 빙수, 스파게티 ...","https://www.facebook.com/story.php?story_fbid=879717180895172&id=100065706934164"
"70","맛있는 피자 추천 ~~ | 푸드","https://www.cashfeed.co.kr/posts/10233762"
"71","파파존스 수퍼 파파스 피자 추천, 미국식 피자를 맛보고 싶다면","https://gocoach.tistory.com/entry/%ED%8C%8C%ED%8C%8C%EC%A1%B4%EC%8A%A4-%EC%88%98%ED%8D%BC-%ED%8C%8C%ED%8C%8C%EC%8A%A4-%ED%94%BC%EC%9E%90-%EC%B6%94%EC%B2%9C-%EB%AF%B8%EA%B5%AD%EC%8B%9D-%ED%94%BC%EC%9E%90%EB%A5%BC-%EB%A7%9B%EB%B3%B4%EA%B3%A0-%EC%8B%B6%EB%8B%A4%EB%A9%B4"
"72","A. - re)수타 피자가 제일 맛있는 피자 체인점? - 2007-07-09","http://m.menupan.com/board/qna_view.asp?bt=r&id=10330"
"73","치즈피자 맛있는곳 추천해주세요 - 음식/여행","https://www.fmkorea.com/3745281318"
"74","식음료 - 기본 도우가 맛있는 동네피자 추천해줘!","https://www.dmitory.com/159573324"
"75","국내 모든 페퍼로니 피자 후기: 계속 갱신함! - 파란소리","https://paran-sori.tistory.com/200"
"76","페퍼로니 피자보다 맛있는 게 뭔지 아세요","https://www.tiktok.com/discover/%ED%8E%98%ED%8D%BC%EB%A1%9C%EB%8B%88-%ED%94%BC%EC%9E%90%EB%B3%B4%EB%8B%A4-%EB%A7%9B%EC%9E%88%EB%8A%94-%EA%B2%8C-%EB%AD%94%EC%A7%80-%EC%95%84%EC%84%B8%EC%9A%94"
"77","믿고 먹는 핵존맛인 브랜드별 피자추천","https://dinnerqueen.net/post/317094"
"78","브랜드별 피자 추천! (주관적인 생각) - 콩씌. - 티스토리","https://fodlem55.tistory.com/36"
"79","(지금)도미노 피자 50% 할인(점심 저녁 메뉴 추천 ... - 분홍연필","https://pinkpencil92.tistory.com/entry/%EC%A7%80%EA%B8%88%EB%8F%84%EB%AF%B8%EB%85%B8-%ED%94%BC%EC%9E%90-50-%ED%95%A0%EC%9D%B8%EC%A0%90%EC%8B%AC-%EC%A0%80%EB%85%81-%EB%A9%94%EB%89%B4-%EC%B6%94%EC%B2%9C%ED%94%BC%EC%9E%90-%EC%B6%94%EC%B2%9C%EB%A9%94%EB%89%B4-%EB%A7%9B%EC%9E%88%EA%B2%8C-%EB%A8%B9%EB%8A%94-%EB%B0%A9%EB%B2%95"
"80","4기통 피자 추천!! 이마트피자 올뉴콰트로 피자","https://creedy.tistory.com/entry/4%EA%B8%B0%ED%86%B5-%ED%94%BC%EC%9E%90-%EC%B6%94%EC%B2%9C-%EC%9D%B4%EB%A7%88%ED%8A%B8%ED%94%BC%EC%9E%90-%EC%98%AC%EB%89%B4%EC%BD%B0%ED%8A%B8%EB%A1%9C-%ED%94%BC%EC%9E%90"
"81","맛있는 피자 추천","https://www.82cook.com/entiz/read.php?bn=35&num=548300&page=17967"
"82","피자스쿨 메뉴 추천, 가성비 좋은 피자를 원한다면! - 정보스푼","https://enlte.tistory.com/entry/%ED%94%BC%EC%9E%90%EC%8A%A4%EC%BF%A8-%EB%A9%94%EB%89%B4-%EC%B6%94%EC%B2%9C-%EA%B0%80%EC%84%B1%EB%B9%84-%EC%A2%8B%EC%9D%80-%ED%94%BC%EC%9E%90%EB%A5%BC-%EC%9B%90%ED%95%9C%EB%8B%A4%EB%A9%B4"
"83","하남시 피자 추천 순위 TOP 20 총정리 - 펜후스토리","https://penhoo.com/post/bae1c1ba/2606"
"84","하남시 피자 추천 순위 TOP 20 총정리 - 펜후스토리","https://penhoo.com/post/bae1c1ba/2606"
"85","2023년 피자 추천 TOP 10 간편하게 즐길수 있는 맛있는 피자 ...","https://haebag.com/%EA%B0%84%ED%8E%B8%ED%95%98%EA%B2%8C-%EC%A6%90%EA%B8%B8%EC%88%98-%EC%9E%88%EB%8A%94-%EB%A7%9B%EC%9E%88%EB%8A%94-%ED%94%BC%EC%9E%90%EC%B6%94%EC%B2%9C-%ED%95%A9%EB%8B%88%EB%8B%A4/"
"86","풀무원 제품 리뷰 냉동피자 추천 풀무원 크로엣지피자 엣지가 ...","https://allinone-food.tistory.com/entry/%ED%92%80%EB%AC%B4%EC%9B%90-%EC%A0%9C%ED%92%88-%EB%A6%AC%EB%B7%B0-%EB%83%89%EB%8F%99%ED%94%BC%EC%9E%90-%EC%B6%94%EC%B2%9C-%ED%92%80%EB%AC%B4%EC%9B%90-%ED%81%AC%EB%A1%9C%EC%97%A3%EC%A7%80%ED%94%BC%EC%9E%90-%EC%97%A3%EC%A7%80%EA%B0%80-%EB%A7%9B%EC%9E%88%EB%8A%94-%ED%94%BC%EC%9E%90-%EC%B6%94%EC%B2%9C"
"87","맛있는 피자 추천 BEST5 - Daily information - 티스토리","https://shareinfor.tistory.com/60"
"88","[장문]피붕이 피자 프랜차이즈별 리뷰.TXT - 피자 갤러리","https://gall.dcinside.com/board/view/?id=pizza&no=164643"
"89","서오릉 피자 / 서오릉 피자 메뉴 / 서오릉 불고기 피자 / 서오릉 ...","https://financier82.tistory.com/entry/%EC%84%9C%EC%98%A4%EB%A6%89-%ED%94%BC%EC%9E%90-%EC%84%9C%EC%98%A4%EB%A6%89-%ED%94%BC%EC%9E%90-%EB%A9%94%EB%89%B4-%EC%84%9C%EC%98%A4%EB%A6%89-%EB%B6%88%EA%B3%A0%EA%B8%B0-%ED%94%BC%EC%9E%90-%EC%84%9C%EC%98%A4%EB%A6%89-%EC%BD%A4%EB%B9%84%EB%84%A4%EC%9D%B4%EC%85%98-%ED%94%BC%EC%9E%90-%EB%A7%9B%EC%9E%88%EB%8A%94-%ED%94%BC%EC%9E%90-%EC%B6%94%EC%B2%9C-%EC%84%9C%EC%98%A4%EB%A6%89-%ED%94%BC%EC%9E%90-%EB%B0%B0%EB%8B%AC"
"90","[파파존스] 피자 대표메뉴 3종 비교 및 인기 메뉴 추천!(+할인)","https://knowitall.tistory.com/entry/%ED%8C%8C%ED%8C%8C%EC%A1%B4%EC%8A%A4-%ED%94%BC%EC%9E%90-%EB%8C%80%ED%91%9C%EB%A9%94%EB%89%B4-3%EC%A2%85-%EB%B9%84%EA%B5%90-%EB%B0%8F-%EC%9D%B8%EA%B8%B0-%EB%A9%94%EB%89%B4-%EC%B6%94%EC%B2%9C%ED%95%A0%EC%9D%B8"
"91","도미노 피자 추천메뉴 맛있다하여 먹어 봄","https://www.youtube.com/watch?v=6R3N95lj6lI"
"92","[내돈내산]두정동 가성비 피자, 빽보이피자(feat. 이벤트, 웨이팅)","https://pujjell.tistory.com/61"
"93","토핑이 특이하네요~~ 아이들도 좋아하는 맛있는 피자 추천 ...","https://pann.nate.com/talk/352773000"
"94","판교 맛있는 피자 추천, 파파존스피자 주말1+1 후기","https://promenade7.tistory.com/entry/%ED%8C%90%EA%B5%90-%EB%A7%9B%EC%9E%88%EB%8A%94-%ED%94%BC%EC%9E%90-%EC%B6%94%EC%B2%9C-%ED%8C%8C%ED%8C%8C%EC%A1%B4%EC%8A%A4%ED%94%BC%EC%9E%90-%EC%A3%BC%EB%A7%9011-%ED%9B%84%EA%B8%B0"
"95","피자 추천 순위 TOP10 구매가이드 비교 2024년 8월3주차","https://centrepointmall.co.kr/%ED%94%BC%EC%9E%90-%EC%B6%94%EC%B2%9C-%EC%88%9C%EC%9C%84-top10-%EA%B5%AC%EB%A7%A4%EA%B0%80%EC%9D%B4%EB%93%9C-%EB%B9%84%EA%B5%90-2024%EB%85%84-8%EC%9B%943%EC%A3%BC%EC%B0%A8/"
"96","체다골드 포테이토 치즈링 크러스트피자 - 7번가피자","https://kr.pinterest.com/pin/7--493496071667216821/"
"97","인기 냉동피자 추천 드려요! 후기 순위! (랭킹)","https://food.goodranking.co.kr/36"
"98","피자헛 메뉴 추천 인기 순위 5가지 - 떡보의 일주일","https://chamsiru.tistory.com/entry/%ED%94%BC%EC%9E%90%ED%97%9B-%EB%A9%94%EB%89%B4-%EC%B6%94%EC%B2%9C"
"99","'쌈장 피자'가 뭘까? - 레이디경향","https://lady.khan.co.kr/cooking/article/202411151043021"
"100","[피자 추천] 피자스쿨 그동안 왜 안 먹었을까 _ 추천 후기 및 메뉴","https://monkeymasil.tistory.com/275"
"101","피자오더하려고해요! 맛있는피자 추천!!","https://www.missyusa.com/mainpage/boards/old_read.asp?section=talk&id=talk1&tb=talk10&page=1222&category=0&key_field=&key_word=&idx=3930469&ref=1769385&step=1&level=0"
"102","식어도 맛있는 피자 추천점 - 치지직","https://m.fmkorea.com/7480606217"
"103","도미노 글로벌 레전드4 피자 추천 베스트만 모았다! - 세싹라이프","https://sesack.tistory.com/571"
"104","도미노 글로벌 레전드4 피자 추천 베스트만 모았다! - 세싹라이프","https://sesack.tistory.com/571"
"105","#가성비 냉동피자 추천 2024 기준 TOP 10 - 요기보아","https://yogiboa.com/%EA%B0%80%EC%84%B1%EB%B9%84-%EB%83%89%EB%8F%99%ED%94%BC%EC%9E%90-%EC%B6%94%EC%B2%9C-2024-%EA%B8%B0%EC%A4%80-top-10/"
"106","파파존스 덕후가 선정한 피자 추천 BEST 3 및 배달 요청 팁","https://4thejoy.tistory.com/entry/%ED%8C%8C%ED%8C%8C%EC%A1%B4%EC%8A%A4-%EB%8D%95%ED%9B%84%EA%B0%80-%EC%84%A0%EC%A0%95%ED%95%9C-%ED%94%BC%EC%9E%90-%EC%B6%94%EC%B2%9C-BEST-3-%EB%B0%8F-%EB%B0%B0%EB%8B%AC-%EC%9A%94%EC%B2%AD-%ED%8C%81"
"107","파파존스 피자 메뉴 추천 고기 듬뿍 맛있는 올미트 피자 - 탱자매","https://tangsister.tistory.com/99"
"108","파파존스 피자 베스트 6, 실패하지 않는 대표 메뉴 - 고코치 블로그","https://gocoach.tistory.com/entry/%ED%8C%8C%ED%8C%8C%EC%A1%B4%EC%8A%A4-%ED%94%BC%EC%9E%90-%EB%B2%A0%EC%8A%A4%ED%8A%B8-6-%EC%8B%A4%ED%8C%A8%ED%95%98%EC%A7%80-%EC%95%8A%EB%8A%94-%EB%8C%80%ED%91%9C-%EB%A9%94%EB%89%B4"
"109","'전국 불고기피자' 맛집 빅데이터 추천순위 Top100","https://www.diningcode.com/list.dc?query=%EB%B6%88%EA%B3%A0%EA%B8%B0%ED%94%BC%EC%9E%90"
"110","냉동피자 추천 TOP 5 10분안에 완성되는 맛있는 피자!","https://antenalounge.com/%EB%83%89%EB%8F%99%ED%94%BC%EC%9E%90-%EC%B6%94%EC%B2%9C-top-5-10%EB%B6%84%EC%95%88%EC%97%90-%EC%99%84%EC%84%B1%EB%90%98%EB%8A%94-%EB%A7%9B%EC%9E%88%EB%8A%94-%ED%94%BC%EC%9E%90/"
"111","[배달음식추천] 한명숙피자 메뉴추천, 가성비피자 추천","https://buy-home.tistory.com/54"
"112","[도미노피자] 피자 추천 | 블랙앵거스 스테이크 더블치즈 엣지","https://nuut.tistory.com/87"
"113","피자 브랜드 추천과 맛있는 피자 메뉴 소개","https://www.tiktok.com/@issue_1717/video/7109474917501897986"
"114","잡담 클래식하게 맛있는 피자 추천좀","https://www.inven.co.kr/board/lostark/6271/318809"
"115","얘들아 진짜 ㅈㄴㅈㄴ맛있는 피자 추천해줘 제발","https://theqoo.net/ktalk/3094581330"
"116","[질문] 맛있는 피자 추천해주세요","https://pgr21.com/?b=26&n=74934"
"117","+ 아이들간식추천 - 브랜드별피자추천","https://ckrgksskan.tistory.com/9"
"118","싸고 맛있는 피자집 추천해 주세요..-_ㅜ..","http://www.koreapas.com/bbs/view.php?id=kfc&no=1684"
"119","저녁메뉴추천) 진짜 맛있는 피자 "쓰읍...군침이 좔좔.."","https://www.youtube.com/watch?v=tVMI80lGhXY"
"120","맛있는 피자추천 / 프레드피자 메뉴 / FRED PIZZA / fred pizza ...","https://financier82.tistory.com/entry/%EB%A7%9B%EC%9E%88%EB%8A%94-%ED%94%BC%EC%9E%90%EC%B6%94%EC%B2%9C-%ED%94%84%EB%A0%88%EB%93%9C%ED%94%BC%EC%9E%90-%EB%A9%94%EB%89%B4-FRED-PIZZA-fred-pizza-%EB%B0%B0%EB%8B%AC-%ED%8E%98%ED%8E%98%EB%A1%9C%EB%8B%88%ED%94%BC%EC%9E%90-%EC%B6%94%EC%B2%9C-%ED%99%94%EC%9D%B4%ED%8A%B8%ED%8F%AC%ED%85%8C%EC%9D%B4%ED%8A%B8%ED%94%BC%EC%9E%90-%EC%B6%94%EC%B2%9C-%EC%BD%A4%EB%B9%84%EB%84%A4%EC%9D%B4%EC%85%98%ED%94%BC%EC%9E%90-%ED%94%84%EB%A0%88%EB%93%9C%ED%94%BC%EC%9E%90-%EB%A7%9B%EC%9E%88%EB%8A%94-%ED%94%BC%EC%9E%90-%EB%B0%B0%EB%8B%AC-%EC%B6%94%EC%B2%9C"
"121","브랜드별 고구마피자 BEST5","https://fodlem55.tistory.com/44"
"122","파파존스-Better Ingredients.Better Pizza.","https://m.pji.co.kr/"
"123","[피자알볼로] 피자 10가지 맛 총정리와 메뉴추천 - 작은마을","https://small-village.tistory.com/entry/%ED%94%BC%EC%9E%90%EC%95%8C%EB%B3%BC%EB%A1%9C-%ED%94%BC%EC%9E%90-10%EA%B0%80%EC%A7%80-%EB%A7%9B-%EC%B4%9D%EC%A0%95%EB%A6%AC%EC%99%80-%EB%A9%94%EB%89%B4%EC%B6%94%EC%B2%9C"
"124","독일에서 먹어본 가장 맛있는 인스턴트 피자 브랜드 추천, 조리 ...","https://schweinebauch.tistory.com/entry/%EB%8F%85%EC%9D%BC-%EC%8A%88%ED%8D%BC-%EC%9D%B8%EC%8A%A4%ED%84%B4%ED%8A%B8-%ED%94%BC%EC%9E%90"
"125","프랜차이즈별 피자 특징 안내서","https://www.dogdrip.net/394521687"
"126","피자헛 갈릭비프 피자 (추천하는 맛있는 피자) - 알토란","https://ozmaze.tistory.com/35"
"127","파파존스 덕후가 선정한 피자 추천 BEST 3 및 배달 요청 팁","https://4thejoy.tistory.com/entry/%ED%8C%8C%ED%8C%8C%EC%A1%B4%EC%8A%A4-%EB%8D%95%ED%9B%84%EA%B0%80-%EC%84%A0%EC%A0%95%ED%95%9C-%ED%94%BC%EC%9E%90-%EC%B6%94%EC%B2%9C-BEST-3-%EB%B0%8F-%EB%B0%B0%EB%8B%AC-%EC%9A%94%EC%B2%AD-%ED%8C%81"
"128","7번가피자 메뉴추천. 직원들이 뽑은 BEST 3 - HOOWAI - 티스토리","https://hoowai.tistory.com/117"
"129","레스토랑 | 롯데월드 어드벤처","https://adventure.lotteworld.com/kor/enjoy/restaurant/list.do"
"130","[잠실 맛집] 요즘 핫한 클랩피자 추천 메뉴. 디핑 소스 꼭 시키세요!","https://mia-log.tistory.com/5"
"131","냉동피자 추천 순위 BEST 2023 - 리뷰나라","https://mynewgoods.com/%EB%83%89%EB%8F%99%ED%94%BC%EC%9E%90-%EC%B6%94%EC%B2%9C-%EC%88%9C%EC%9C%84/"
"132","피자스쿨 인기 메뉴 추천 베스트 10","https://yoon0923.tistory.com/entry/%ED%94%BC%EC%9E%90%EC%8A%A4%EC%BF%A8-%EC%9D%B8%EA%B8%B0-%EB%A9%94%EB%89%B4-%EC%B6%94%EC%B2%9C-%EB%B2%A0%EC%8A%A4%ED%8A%B8-10"
"133","미국 피자 추천, 너무 맛있어서 유명한 'Little Caesars Pizza'","https://myungshinohh.tistory.com/1258"
"134","브랜드별 제일 맛있는 피자 찾기, 최고의 피자는? - 한화데이즈","https://hanwhadays.tistory.com/1747"
"135","[도미노피자] 맛있는 피자 메뉴 추천 및 여러 메뉴 후기 | 하프앤 ...","https://nuut.tistory.com/84"
"136","노모어피자 추천 메뉴 2가지 피자러버의 재재재 재주문 솔직 리뷰","https://happy7mind.tistory.com/237"
"137","존맛 피자 추천 BEST10 브랜드별 최애 메뉴 - 지플릭스","https://gflix.kr/%EC%A1%B4%EB%A7%9B-%ED%94%BC%EC%9E%90-%EC%B6%94%EC%B2%9C-best10-%EB%B8%8C%EB%9E%9C%EB%93%9C%EB%B3%84-%EC%B5%9C%EC%95%A0-%EB%A9%94%EB%89%B4/"
"138","포테이토 피자! 부드러워 보이는 11가지 브랜드 추천 - dasima","https://dasima.xyz/%ED%8F%AC%ED%85%8C%EC%9D%B4%ED%86%A0-%ED%94%BC%EC%9E%90-%EC%B6%94%EC%B2%9C/"
"139","토핑 미쳤다!! 닉값 제대로 하는 피자집 발견 ! [피자집 추천, 청담 ...","https://www.youtube.com/watch?v=YphDj0adcQc"
"140","맛있는피자🍕 Instagram posts (photos and videos)","https://www.picuki.com/tag/%EB%A7%9B%EC%9E%88%EB%8A%94%ED%94%BC%EC%9E%90%F0%9F%8D%95"
"141","[잡담] 맛있는 피자 있나?? 비싸도 상관x 진짜 짱맛 피자 추천좀","https://www.instiz.net/name/60803986?category=1"
"142","[피자 추천 맛집] 노모어 피자 내돈내산 배달 후기 - 수달로그","https://zingunt2.tistory.com/184"
"143","피자스쿨 메뉴추천 고구마피자 구매후기","https://100397.tistory.com/43"
"144","[세계 음식] 미국 피자 브랜드 순위 Top10 - Chell 가문 - 티스토리","https://doreen-vallog.tistory.com/entry/%EC%84%B8%EA%B3%84-%EC%9D%8C%EC%8B%9D-%EB%AF%B8%EA%B5%AD-%ED%94%BC%EC%9E%90-%EB%B8%8C%EB%9E%9C%EB%93%9C-%EC%88%9C%EC%9C%84-Top10"
"145","존맛인데 잘 모르는 피자 히든메뉴 추천 #도미노피자 #맵퍼로니 ...","https://www.tiktok.com/@_babi_joa/video/7340997618555735314"
"146","맛있는 파파존스피자 추천 - 태양을 따러 가다 - 티스토리","https://newgate.tistory.com/entry/%EB%A7%9B%EC%9E%88%EB%8A%94-%ED%8C%8C%ED%8C%8C%EC%A1%B4%EC%8A%A4%ED%94%BC%EC%9E%90-%EC%B6%94%EC%B2%9C"
"147","세종시 조치원 피자 추천 순위 TOP 20 총정리 - 펜후스토리","https://penhoo.com/post/bae1c1ba/2678"
"148","치즈크러스트가 맛있는 피자 추천좀","https://mlbpark.donga.com/mp/b.php?id=202311090087240950&p=91&b=bullpen&m=view&select=&query=&subselect=&subquery=&user=hititlove&site=donga.com"
"149","도미노피자 메뉴추천 인기 베스트 5","https://yoohansi.com/entry/%EB%8F%84%EB%AF%B8%EB%85%B8%ED%94%BC%EC%9E%90-%EB%A9%94%EB%89%B4%EC%B6%94%EC%B2%9C-%EC%9D%B8%EA%B8%B0-%EB%B2%A0%EC%8A%A4%ED%8A%B8-5"
"150","냉동피자추천 맛있는순위 알려드려요. 가성비좋은 냉동피자","https://bkbpsm.com/entry/%EB%83%89%EB%8F%99%ED%94%BC%EC%9E%90%EC%B6%94%EC%B2%9C-%EB%A7%9B%EC%9E%88%EB%8A%94%EC%88%9C%EC%9C%84-%EC%95%8C%EB%A0%A4%EB%93%9C%EB%A0%A4%EC%9A%94-%EA%B0%80%EC%84%B1%EB%B9%84%EC%A2%8B%EC%9D%80-%EB%83%89%EB%8F%99%ED%94%BC%EC%9E%90"
"151","파파존스 피자 추천, 존스 페이버릿 - 소심한돼지둘 - 티스토리","https://timidpig2.tistory.com/35"
"152","도미노피자 메뉴 추천 5가지 + 가격, 칼로리 및 주문 꿀팁까지","https://myhappy30s.tistory.com/entry/%EB%8F%84%EB%AF%B8%EB%85%B8%ED%94%BC%EC%9E%90-%EB%A9%94%EB%89%B4-%EC%B6%94%EC%B2%9C-5%EA%B0%80%EC%A7%80-%EA%B0%80%EA%B2%A9-%EC%B9%BC%EB%A1%9C%EB%A6%AC-%EB%B0%8F-%EC%A3%BC%EB%AC%B8-%EA%BF%80%ED%8C%81%EA%B9%8C%EC%A7%80"
"153","[리뷰] 파파존스 1+1 피자 추천! 파파존스 숨은 메뉴 치즈스틱까지!","https://lulluryu.tistory.com/entry/%EB%A6%AC%EB%B7%B0-%ED%8C%8C%ED%8C%8C%EC%A1%B4%EC%8A%A4-11-%ED%94%BC%EC%9E%90-%EC%B6%94%EC%B2%9C-%ED%8C%8C%ED%8C%8C%EC%A1%B4%EC%8A%A4-%EC%88%A8%EC%9D%80-%EB%A9%94%EB%89%B4-%EC%B9%98%EC%A6%88%EC%8A%A4%ED%8B%B1%EA%B9%8C%EC%A7%80"
"154","[리뷰] 파파존스 1+1 피자 추천! 파파존스 숨은 메뉴 치즈스틱까지!","https://lulluryu.tistory.com/entry/%EB%A6%AC%EB%B7%B0-%ED%8C%8C%ED%8C%8C%EC%A1%B4%EC%8A%A4-11-%ED%94%BC%EC%9E%90-%EC%B6%94%EC%B2%9C-%ED%8C%8C%ED%8C%8C%EC%A1%B4%EC%8A%A4-%EC%88%A8%EC%9D%80-%EB%A9%94%EB%89%B4-%EC%B9%98%EC%A6%88%EC%8A%A4%ED%8B%B1%EA%B9%8C%EC%A7%80"
"155","도미노피자 메뉴 추천 뭐가 맛있을까 - 케이무","https://caycnmu.tistory.com/entry/%EB%8F%84%EB%AF%B8%EB%85%B8%ED%94%BC%EC%9E%90-%EB%A9%94%EB%89%B4-%EC%B6%94%EC%B2%9C-%EB%AD%90%EA%B0%80-%EB%A7%9B%EC%9E%88%EC%9D%84%EA%B9%8C"
"156","미스터 피자 추천 메뉴 BEST5 - 세상의 모든 리뷰","https://hisunnyday.com/entry/%EB%AF%B8%EC%8A%A4%ED%84%B0-%ED%94%BC%EC%9E%90-%EC%B6%94%EC%B2%9C-%EB%A9%94%EB%89%B4-BEST5"
"157","맛있는피자추천! 피자알볼로 피자메뉴 쉬림프안심골드피자 후기","https://ironsky.tistory.com/52"
"158","맛있는 피자 추천을 받는 중기","https://theqoo.net/review/1197661295"
"159","파파존스 피자 추천 BEST 3 완벽정리 - HOOWAI","https://hoowai.tistory.com/115"
"160","BBQ 치킨","https://bbq.co.kr/"
"161","냉동피자 추천 TOP 5 10분안에 완성되는 맛있는 피자! 밖에서 ...","https://www.youtube.com/watch?v=heiIZwxNKAo"
"162","도미노피자추천 Instagram posts (photos and videos)","https://www.picuki.com/tag/%EB%8F%84%EB%AF%B8%EB%85%B8%ED%94%BC%EC%9E%90%EC%B6%94%EC%B2%9C"
"163","도미노피자 메뉴 후기 (가격, 추천)","https://noteupdate.tistory.com/entry/%EB%8F%84%EB%AF%B8%EB%85%B8%ED%94%BC%EC%9E%90-%EB%A9%94%EB%89%B4-%ED%9B%84%EA%B8%B0-%EA%B0%80%EA%B2%A9-%EC%B6%94%EC%B2%9C"
"164","비트패스 비트패스 맛있는피자추천 - 해안도로 펜션&고창면옥","http://coastal.kr/bbs/board.php?bo_table=table59&wr_id=2991&page=136"
"165","예매","https://www.cgv.co.kr/?IsMobile=Y"
"166","파파존스 피자 추천 순위 BEST10 - 랭킹 - 티스토리","https://rank-ing.tistory.com/entry/%ED%8C%8C%ED%8C%8C%EC%A1%B4%EC%8A%A4-%ED%94%BC%EC%9E%90-%EC%B6%94%EC%B2%9C"
"167","피자알볼로 메뉴 추천, 페퍼로니 피자가 맛있어요~","https://travelgaram.tistory.com/27"
"168","[도미노 포테이토피자] 도미노 알바생이 추천하는 꿀조합 피자 !","https://bichon-hirit.tistory.com/entry/%EB%8F%84%EB%AF%B8%EB%85%B8-%ED%8F%AC%ED%85%8C%EC%9D%B4%ED%86%A0%ED%94%BC%EC%9E%90-%EB%8F%84%EB%AF%B8%EB%85%B8-%EC%95%8C%EB%B0%94%EC%83%9D%EC%9D%B4-%EC%B6%94%EC%B2%9C%ED%95%98%EB%8A%94-%EA%BF%80%EC%A1%B0%ED%95%A9-%ED%94%BC%EC%9E%90"
"169","[내돈내먹] 남자피자 메뉴 고민?치즈피자 드세요. (이유있는 추천)","https://likekimsoso.tistory.com/87"
"170","가장 인기있는 피자 종류 순위 TOP 10 #인기 #피자 #순위 #랭킹 ...","https://www.tiktok.com/@userqkj75e6xkb/video/7265816121813536018"
"171","냉동 피자 추천 갓쿡스 시카고 피자 feat 갈릭 크림치즈 피자","https://lifeyolo.tistory.com/554"
"172","브랜드별 알바 채용관 - 프랜차이즈, SPA 매장 알바","https://www.albamon.com/jobs/brand"
"173","[청년피자] 베스트 진짜감자피자 후기 - 작은마을 - 티스토리","https://small-village.tistory.com/entry/%EC%B2%AD%EB%85%84%ED%94%BC%EC%9E%90-%EC%A7%84%EC%A7%9C%EA%B0%90%EC%9E%90%ED%94%BC%EC%9E%90"
"174","미스터피자 추천메뉴 포테이토피자 치즈캡과 오븐치즈미트 ...","https://xinsound.tistory.com/171"
"175","맛있는피자추천 - 스트랩 더보기","https://allrin.co.kr/bbs/board.php?bo_table=ch9&wr_id=19679"
"176","도미노피자 메뉴 추천 5가지가 궁금하다면 - 떡보의 일주일","https://chamsiru.tistory.com/entry/%EB%8F%84%EB%AF%B8%EB%85%B8%ED%94%BC%EC%9E%90-%EB%A9%94%EB%89%B4-%EC%B6%94%EC%B2%9C"
"177","피자집 사장님에게 배워온 피자 best 1위 꿀조합 토핑 (feat. 갈릭 ...","https://www.youtube.com/watch?v=hiky-h3uBV8"
"178",""서울 외곽에서 즐기는 특별한 맛의 여행" 경기도 가평 ...","https://www.tourtoctoc.com/news/articleView.html?idxno=7220"
"179","피자·콜라의 농간…뇌가 “그만 먹어” 신호 보내도 무시","https://www.hani.co.kr/arti/hanihealth/healthlife/1166363.html"
"180","파파존스 피자 추천 베스트 1위 파파존스 수퍼파파스 후기","https://timecook.tistory.com/1204"
"181","피자알볼로 메뉴 중 제일 맛있는 피자추천","https://jhbliss.tistory.com/entry/%ED%94%BC%EC%9E%90%EC%95%8C%EB%B3%BC%EB%A1%9C-%EB%A9%94%EB%89%B4-%EC%A4%91-%EC%A0%9C%EC%9D%BC-%EB%A7%9B%EC%9E%88%EB%8A%94-%ED%94%BC%EC%9E%90%EC%B6%94%EC%B2%9C"
"182","도미노피자 베스트 콰트로 솔직후기~!","https://kakaokakao.tistory.com/273"
"183","시카고피자 추천 TOP 5 치즈와 토핑이 가득한 맛있는 피자!","https://antenalounge.com/%EC%8B%9C%EC%B9%B4%EA%B3%A0%ED%94%BC%EC%9E%90-%EC%B6%94%EC%B2%9C-top-5-%EC%B9%98%EC%A6%88%EC%99%80-%ED%86%A0%ED%95%91%EC%9D%B4-%EA%B0%80%EB%93%9D%ED%95%9C-%EB%A7%9B%EC%9E%88%EB%8A%94-%ED%94%BC/"
"184","HD마켓","https://www.heodakmarket.com/"
"185","맛있는 피자 추천, 피자헛 갈릭 버터 쉬림프 배달음식으로 드세요!","https://lifemedicine.tistory.com/74"
"186","[2024 경주 음식점] 987 트립 가이드 (11월 업데이트) | 트립 모먼트","https://kr.trip.com/moments/poi-987-52628037/"
"187","홈플러스 | 물가안정 프로젝트","https://mfront.homeplus.co.kr/"
"188","굽네치킨","https://www.goobne.co.kr/"
"189","파파존스 피자 추천 : 클래식 & 스테디 셀러 (+2023년 가격 및 ...","https://allaboutshaving.kr/%ED%8C%8C%ED%8C%8C%EC%A1%B4%EC%8A%A4-%ED%94%BC%EC%9E%90-%EC%B6%94%EC%B2%9C/"
"190","나미나라공화국 [NAMINARA REPUBLIC]","https://www.namisum.com/"
"191","시카고피자 추천 TOP 5 치즈와 토핑이 가득한 맛있는 피자! 치즈 ...","https://www.youtube.com/watch?v=ftf2fsHa0FM"
"192","피자마루 피자추천 메뉴와 인기순위 - marka","https://ksmb.tistory.com/entry/%ED%94%BC%EC%9E%90%EB%A7%88%EB%A3%A8-%ED%94%BC%EC%9E%90%EC%B6%94%EC%B2%9C-%EB%A9%94%EB%89%B4-%EC%9D%B8%EA%B8%B0%EC%88%9C%EC%9C%84"
"193","스토리앤미디어- 빅데이터 기반 커스터마이징 무료체험단","https://www.storyn.kr/"
"194","맛있는 피자 먹방 ASMR","https://www.tiktok.com/@44444444_4444_dddd/video/7432674356226018567"
"195","원하는 상품을 원하는 시간에 쓱, 이마트몰","https://emart.ssg.com/"
"196","잡담 톤쇼우 이재모피자 평가해줌","https://www.inven.co.kr/board/lostark/6271/831398"
"197","전북농촌여행 참참","https://www.chamchamtrip.com/"
"198","김장주 작가의 '푸른 바다에서 건져 올린 통영의 맛' 페스트북 ...","https://www.yhtoday.co.kr/news/articleView.html?idxno=31145"
"199","와인글라스베이 & 프레이시넷 국립공원: 가이드 투어","https://www.tiqets.com/ko/hobart-attractions-c60437/tickets-for-wineglass-bay-freycinet-national-park-richmond-guided-tour-transfer-p1104843/"
"200","[1+1]비비고 청양고기만두200g | 상품상세","https://www.cjthemarket.com/pc/prod/prodDetail?prdCd=40181892&code=CJONE7"
"201","이삭토스트","https://www.isaac-toast.co.kr/"
"202","흑백요리사 셰프의 식당을 가보기로 마음 먹었다.","https://brunch.co.kr/@@87C1/92"
"203","워커힐 호텔 | WALKERHILL HOTELS & RESORTS","https://www.walkerhill.com/"
"204","워커힐 호텔 | WALKERHILL HOTELS & RESORTS","https://www.walkerhill.com/"
"205","미국 피자 맛집 1위 🍕 혈관 막히기 전에 꼭 먹어봐야 합니다 ...","https://www.youtube.com/watch?v=yKIEDpRaFgo"
"206","연차를 내고서라도 가고 싶은 식당 6","https://the-edit.co.kr/72525"
"207","메뉴소개","https://m.bhc.co.kr/menu/best.html"
"208","맛상무","https://www.youtube.com/@matsangmu"
"209","특가 - 오아시스마켓::믿을 수 있는 먹거리","https://m.oasis.co.kr/product/special?limit=50&specialGroup=TIME_SALE"
"210","다이소몰","https://www.daisomall.co.kr/?srsltid=AfmBOopQlITjHyBEp3QFGojem4hublHHlkwEWSOdVPnA0QNRdklrlx7s"
"211","이랜드","https://www.eland.co.kr/"
"212","요원들 피자🍕 먹고 얼굴 피자~~😉 내돈내고 배달 피자 8종 먹어 ...","https://www.youtube.com/watch?v=2j-FaKT-QGk"
"213","한국 피자 가격 비교 및 브랜드 분석","https://www.tiktok.com/@sangsangsangsang_tiktok/video/7364005467951041809"
"214","[1+1]행복한콩 국산콩100%두부 부침찌개 300gX2개입","https://www.cjthemarket.com/pc/prod/prodDetail?prdCd=40205530&code=CJONE7"
"215","'이탈리아판 미슐랭'이 뽑은 '국내 이탈리안 레스토랑 9'","https://www.hani.co.kr/arti/specialsection/esc_section/1166398.html"
"216","내가 좋아하는 최애, 가장 맛있는 피자 브랜드 - OONASE 우나세","https://oonase.tistory.com/entry/%EA%B0%80%EC%9E%A5-%EB%A7%9B%EC%9E%88%EB%8A%94-%ED%94%BC%EC%9E%90-%EB%B8%8C%EB%9E%9C%EB%93%9C"
"217","피자헛","https://www.pizzahut.co.kr/"
"218","T day 혜택 - T 멤버십","https://sktmembership.tworld.co.kr/mps/pc-bff/program/tday.do"
"219","직접 먹어보고 정하는 냉동피자 13종 티어리스트","https://www.youtube.com/watch?v=w2pux1kK2q4"
"220","〔연예인 맛집〕 고메 피자 연구원이 추천하는 서울 화덕피자 맛집 ...","https://www.youtube.com/watch?v=xbTAaogjOfo"
"221","올리브영 틴트 추천 및 세일 소식!","https://www.tiktok.com/@onnewww_you/video/7433305115169262864"
"222","맛있는 도미노피자 추천 와일드 와일드 웨스트 스테이크 피자 ...","https://www.youtube.com/watch?v=7ku-myl9fdk"
"223","오구쌀피자 추천 - 난조선의국모다","http://www.mground.kr/w/%EC%98%A4%EA%B5%AC%EC%8C%80%ED%94%BC%EC%9E%90%20%EC%B6%94%EC%B2%9C"
"224","한국인이 좋아하는 피자 종류 TOP10","https://www.tiktok.com/@10.jisik1/video/7283045193266302210"
"225","도우가 맛있는 청년피자 🍕할인은 댓글 참고 #청년피자 #고메 ...","https://www.youtube.com/watch?v=Ot2AUVGetUw"
"226","누기 요아정 먹방! 피자 먹기 😁 #먹방","https://www.tiktok.com/@gnooq1379/video/7435215264213519623"
"227","[포토] 도미노피자, 'K-쌈장 채끝 스테이크 피자' 15일 출시","https://www.hankyung.com/article/202411141226i"
"228","맛있는 어묵볶음 레시피! 한국 음식 만들기","https://www.tiktok.com/@palsookcook/video/7435055278665567495"
"229","[세계피자1등] 구독자 추천 브랜드👍 [피자글릭] 우리동네 반반 ...","https://www.youtube.com/watch?v=EaBt8kVBbYY"
"230","피자맛집🍕#오구쌀피자#피자추천","https://m.youtube.com/shorts/3DOysiJBMy4"
"231","간식 레시피: 꽃처럼 핀 또띠아 롤 만들기 | 레시피 공유","https://www.tiktok.com/@mommy._.yummy/video/7434028868610133256"
"232","아바라 디저트 39 비교: 2,800원 vs 13,000원","https://www.tiktok.com/@compare_everything_lab/video/7434413054940482834"
"233","오징어두부두루치기와 겉절이 먹방! 맛있는 한끼 식사 소개","https://www.tiktok.com/@toking2045/video/7434813473571294471"
"234","오징어두부두루치기와 겉절이 먹방! 맛있는 한끼 식사 소개","https://www.tiktok.com/@toking2045/video/7434813473571294471"
"235","맛있게 다이어트 2일차 레시피: 베이글 그릭요거트와 저당딸기잼","https://www.tiktok.com/@camozarvan/video/7435295530508438792"
"236","강남 피자 맛집.. 페퍼로니 피자가 맛있는 MZ 피자 추천.. 혼밥 ...","https://www.youtube.com/watch?v=ehCfJxiHSQw"
"237","피자갤러리에서 선정한 2024년 제일 인기있는 많이먹는 피자 ...","https://www.youtube.com/watch?v=RFCk7PEj_xI"
"238","미스터 피자🍕 신메뉴 레전드쉬림프라고? #Shorts #피자추천 ...","https://www.youtube.com/watch?v=Q63UJ27SD7E"
"239","먹방VLOG)한우곱도리탕 묵은지삼겹김치찜+생선까스 치즈폭탄 ...","https://www.youtube.com/watch?v=k-bOPaFto0s"
"240",""피자 소비 '시들'?"…피자헛 기업회생에 업계 '초긴장'","https://www.inews24.com/view/1779816"
"241","한국인이 사랑하는 피자 브랜드 TOP5","https://www.youtube.com/watch?v=5n90xkJzaLA"
"242","[세계피자1등] 토핑 올리다가 너무 무거워진 피자.."미친 피자 ...","https://www.youtube.com/watch?v=E2RlHYDb-w8"
"243","요즘 도미노를 안 가는 이유?!","https://www.youtube.com/watch?v=0KFMmhKRcVo"
"244","[먹는 브이로그] 시간 없다면서 뭔가 굉장히 많이 먹고 온 한국 ...","https://www.youtube.com/watch?v=E-FHHWeYhAg"
"245","쿠팡로켓프레시 & 마켓컬리 맛템모음🍤ㅣ인기템먹어봤습니다ㅣ ...","https://www.youtube.com/watch?v=kz4NqG9mcCY"
"246","서울먹방VLOG+한입혜영😋3화)삼겹살+닭발+물냉면 인생 ...","https://www.youtube.com/watch?v=zKffPXQAIrY"
"247","먹방브이로그) 하루5000칼로리 먹는🍴자취생의 냉장고 공개 ...","https://www.youtube.com/watch?v=X0D0QmDd64M"
"248","이게 진짜 쿠팡 꿀템 #추천 #간식","https://www.youtube.com/watch?v=8dn8w8Gj6zM"
"249","치즈 듬뿍 돈가스 먹고 최애 초코케이크 3판 가즈아~~ 241112 ...","https://www.youtube.com/watch?v=KA-01whrBfM"
"250","뭘 좋아할지 몰라서 다 준비한 피자 맛집 Best 4!","https://www.youtube.com/watch?v=kZqQZhTgQl8"
"251","맛있는 피자 브랜드 순위 Top 10위","https://m.youtube.com/shorts/EcguE_Vp1Ss"
"252","어떤 피자가 단백질이 제일 많을까 ? 피자단백질 순위 ! / 도미노 ...","https://www.youtube.com/watch?v=L67bSbpkiEs"
